<?xml version="1.0" encoding="UTF-8"?>
<project-private xmlns="http://www.netbeans.org/ns/project-private/1">
    <editor-bookmarks xmlns="http://www.netbeans.org/ns/editor-bookmarks/2" lastBookmarkId="0"/>
    <open-files xmlns="http://www.netbeans.org/ns/projectui-open-files/2">
        <group>
            <file>file:/C:/Users/danie/OneDrive/Documentos/NetBeansProjects/Assocify/src/classes/PagamentoMensalidade.java</file>
            <file>file:/C:/Users/danie/OneDrive/Documentos/NetBeansProjects/Assocify/src/enuns/Categoria.java</file>
            <file>file:/C:/Users/danie/OneDrive/Documentos/NetBeansProjects/Assocify/src/classes/Associado.java</file>
            <file>file:/C:/Users/danie/OneDrive/Documentos/NetBeansProjects/Assocify/src/classes/Carteirinha.java</file>
            <file>file:/C:/Users/danie/OneDrive/Documentos/NetBeansProjects/Assocify/src/classes/Passaro.java</file>
            <file>file:/C:/Users/danie/OneDrive/Documentos/NetBeansProjects/Assocify/src/classes/Evento.java</file>
            <file>file:/C:/Users/danie/OneDrive/Documentos/NetBeansProjects/Assocify/src/classes/Torneio.java</file>
            <file>file:/C:/Users/danie/OneDrive/Documentos/NetBeansProjects/Assocify/src/classes/Financeiro.java</file>
            <file>file:/C:/Users/danie/OneDrive/Documentos/NetBeansProjects/Assocify/src/enuns/StatusPagamento.java</file>
            <file>file:/C:/Users/danie/OneDrive/Documentos/NetBeansProjects/Assocify/src/classes/Notificacao.java</file>
        </group>
    </open-files>
</project-private>
